S.No,Job No.,Customer,Job Date,Invoice No.,Invoice Date,Invoice Amount (SGD),GST (SGD),Total Amount (SGD),GST Type
1,CEL-2602-5000,Walk-in,2026-06-29,No Invoice Yet,-,0,0,0,No Charge
2,CEL-2602-5001,Walk-in,2026-06-29,No Invoice Yet,-,0,0,0,No Charge
3,CEL-2604-5002,Walk-in,2026-04-23,No Invoice Yet,-,0,0,0,No Charge
4,CEL-2604-5003,J. KEART ALLIANCES PTE. LTD.,2026-04-23,INV-2604-5003,2026-04-23,68.6,6.17,74.77,Standard GST (9%)
5,CEL-2604-5004,Walk-in,2026-04-23,No Invoice Yet,-,0,0,0,No Charge
6,CEL-2604-5005,J. KEART ALLIANCES PTE. LTD.,2026-04-23,No Invoice Yet,-,0,0,0,No Charge
7,CEL-2604-5006,J. KEART ALLIANCES PTE. LTD.,2026-04-23,No Invoice Yet,-,0,0,0,No Charge
8,CEL-2604-6051,J. KEART ALLIANCES PTE. LTD.,2026-04-24,No Invoice Yet,-,23200,2088,25288,Standard GST (9%)
9,CEL-2604-6052,GEOLUTIONS PTE LTD,2026-04-27,No Invoice Yet,-,800,72,872,Standard GST (9%)
10,CEL-2604-6053,Rota-Mach Electrical Services Pte Ltd,2026-04-28,No Invoice Yet,-,4400,377.982,4577.782,Standard GST (9%)
11,CEL-2604-6054,POWERHOUSE CONTROLS PTE LTD,2026-04-28,INV-2604-6054,2026-04-28,590,53.1,643.1,Standard GST (9%)
12,CEL-2604-6055,Rota-Mach Electrical Services Pte Ltd,2026-04-28,INV-2604-6055,2026-04-10,550,49.5,599.5,Standard GST (9%)
13,CEL-2604-6056,Rota-Mach Electrical Services Pte Ltd,2026-04-28,INV-2604-6056,2026-04-28,35,3.15,38.15,Standard GST (9%)
14,CEL-2604-6057,TRANS WAVE MARINE SERVICES PTE LTD,2026-04-29,INV-2604-6057,2026-04-29,4100,0,4100,0% GST
15,CEL-2604-6058,J. KEART ALLIANCES PTE. LTD.,2026-04-29,INV-2604-6058,2026-04-29,1880,169.2,2049.2,Standard GST (9%)
16,CEL-2604-6060,Trans Global Trading and Marine Services LLC,2026-04-30,INV-2604-6060,2026-04-30,1250,0,1250,0% GST
17,CEL-2604-6061,VEOLIA WATER TECHNOLOGIES (SEA) PTE LTD,2026-04-30,INV-2604-6061,2026-04-30,3960,320.76,3884.76,Standard GST (9%)
18,CEL-2605-6051,J. KEART ALLIANCES PTE. LTD.,2026-05-07,INV-2605-6051,2026-05-07,410,36.9,446.9,Standard GST (9%)
19,CEL-2605-6052,J. KEART ALLIANCES PTE. LTD.,2026-05-07,INV-2605-6052,2026-05-07,5200,468,5668,Standard GST (9%)
20,CEL-2605-6053,OWEN JETTING SERVICES PTE. LTD,2026-05-08,No Invoice Yet,-,350,31.5,381.5,Standard GST (9%)
21,CEL-2605-6054,Recreate Marine and Offshore Pte Ltd,2026-05-12,No Invoice Yet,-,188,16.92,204.92,Standard GST (9%)
22,CEL-2605-6055,ROLLNEY SINGAPORE PTE LTD,2026-05-16,INV-2605-6055,2026-05-16,240,21.6,261.6,Standard GST (9%)
23,CEL-2605-6059,Green Dragon Integrated Pte ltd,2026-05-19,INV-2605-6059,2026-05-19,3200,288,3488,Standard GST (9%)
24,CEL-2605-6061,J. KEART ALLIANCES PTE. LTD.,2026-05-20,INV-2605-6061A,2026-06-04,11600,1044,12644,Standard GST (9%)
24,CEL-2605-6061,J. KEART ALLIANCES PTE. LTD.,2026-05-20,INV-2605-6061B,2026-06-04,11600,1044,12644,Standard GST (9%)
25,CEL-2605-6062,VEOLIA WATER TECHNOLOGIES (SEA) PTE LTD,2026-05-20,INV-2605-6062,2026-05-20,1840,165.6,2005.6,Standard GST (9%)
26,CEL-2605-6063,VEOLIA WATER TECHNOLOGIES (SEA) PTE LTD,2026-05-20,INV-2605-6063,2026-05-20,1176,105.84,1281.84,Standard GST (9%)
27,CEL-2605-6069,Fleet Ship Management Pte Ltd.,2026-05-16,INV-2511-6013,2026-05-16,2050,0,2050,0% GST
28,CEL-2605-6073,Oceanis Robotics Pte Ltd,2026-05-21,INV-2605-6073,2026-05-21,550,49.5,599.5,Standard GST (9%)
29,CEL-2606-6051,Hong Dong Ship Solutions Pte Ltd,2026-05-22,INV-2606-6051,2026-06-08,900,81,981,Standard GST (9%)
29,CEL-2606-6051,Hong Dong Ship Solutions Pte Ltd,2026-05-22,INV-2606-0002,2026-05-22,900,81,981,Standard GST (9%)
30,CEL-2606-6052,J. KEART ALLIANCES PTE. LTD.,2026-05-21,INV-2606-6054,2026-05-21,750,67.5,817.5,Standard GST (9%)
31,CEL-2606-6053,J. KEART ALLIANCES PTE. LTD.,2026-06-10,INV-2606-6053,2026-06-18,1804,158.94,1924.94,Standard GST (9%)
32,CEL-2606-6055,Viking Airtech Pte Ltd,2026-06-05,INV-2606-0001,2026-06-05,380,0,380,0% GST
33,CEL-2606-6074,Seagull Marine Pte Ltd,2026-06-13,INV-2606-6074,2026-06-13,150,13.5,163.5,Standard GST (9%)
34,CEL-2606-6075,Sunsai Engineering Pte ltd,2026-06-14,INV-2606-6075,2026-06-14,800,72,872,Standard GST (9%)
35,CEL-2606-6076,Seagull Marine Pte Ltd,2026-06-17,INV-2606-6076,2026-06-17,120,10.8,130.8,Standard GST (9%)
36,CEL-2606-6077,Recreate Marine and Offshore Pte Ltd,2026-06-08,INV-2606-6077,2026-06-17,560,50.4,610.4,Standard GST (9%)
37,CEL-2606-6078,Hong Dong Ship Solutions Pte Ltd,2026-05-31,INV-2606-6078,2026-06-18,100,9,109,Standard GST (9%)
38,CEL-2606-6079,Hong Dong Ship Solutions Pte Ltd,2026-06-12,INV-2606-6079,2026-06-18,92,8.28,100.28,Standard GST (9%)
39,CEL-2606-6080,TSK ENGINEERING PTE LTD,2026-05-20,INV-2601-6032,2026-05-20,2100,189,2289,Standard GST (9%)
40,CEL-2606-6081,TSK ENGINEERING PTE LTD,2026-06-19,INV-2511-6019,2025-11-30,2100,189,2289,Standard GST (9%)
41,CEL-2606-6082,SWTS PTE LTD,2026-06-22,No Invoice Yet,-,31200,2808,34008,Standard GST (9%)
42,CEL-2606-6083,SEAWAY CONTROL SYSTEMS PTE. LTD.,2026-05-24,INV-2606-6083,2026-06-26,15000,1350,16350,Standard GST (9%)
43,CEL-2606-6084,TRITON CONSTRUCTION PTE LTD,2026-06-26,INV-2606-6084,2026-06-26,875,78.75,953.75,Standard GST (9%)
44,CEL-2607-6085,J. KEART ALLIANCES PTE. LTD.,2026-06-19,No Invoice Yet,-,800,72,872,Standard GST (9%)
45,CEL-2607-6097,Green Dragon Integrated Pte ltd,2026-05-19,No Invoice Yet,-,3200,288,3488,Standard GST (9%)
46,CEL-2607-6101,Hong Dong Ship Solutions Pte Ltd,2026-06-12,No Invoice Yet,-,92,8.28,100.28,Standard GST (9%)
47,CEL2603-5001,Cel-ron enterprises pte ltd,2026-06-29,No Invoice Yet,-,0,0,0,No Charge